{"stats":{"minecraft:picked_up":{"minecraft:birch_sign":3},"minecraft:custom":{"minecraft:time_since_rest":72403,"minecraft:crouch_one_cm":616,"minecraft:play_one_minute":72403,"minecraft:sprint_one_cm":36831,"minecraft:open_shulker_box":6,"minecraft:walk_one_cm":90569,"minecraft:sneak_time":1156,"minecraft:pot_flower":12,"minecraft:drop":1,"minecraft:jump":116,"minecraft:damage_dealt":30,"minecraft:leave_game":2,"minecraft:time_since_death":72403,"minecraft:interact_with_crafting_table":1,"minecraft:fly_one_cm":375690},"minecraft:used":{"minecraft:oak_trapdoor":12,"minecraft:oak_log":46,"minecraft:smooth_quartz_stairs":12,"minecraft:oak_leaves":99,"minecraft:flower_pot":12,"minecraft:end_rod":81,"minecraft:sea_lantern":20,"minecraft:rail":4,"minecraft:bookshelf":16,"minecraft:iron_trapdoor":33,"minecraft:oak_slab":7,"minecraft:scaffolding":7,"minecraft:crafting_table":8,"minecraft:light_gray_concrete":30,"minecraft:smooth_quartz_slab":126,"minecraft:oak_stairs":8,"minecraft:grass_block":36,"minecraft:ladder":5,"minecraft:birch_sign":53,"minecraft:oak_planks":3,"minecraft:oak_sign":8,"minecraft:gray_concrete":1106,"minecraft:stripped_oak_log":1,"minecraft:white_concrete":314,"minecraft:acacia_planks":18,"minecraft:white_shulker_box":6,"minecraft:spruce_sign":1,"minecraft:smoker":6,"minecraft:quartz_stairs":39,"minecraft:gray_stained_glass":203},"minecraft:dropped":{"minecraft:birch_sign":1}},"DataVersion":2584}