{"stats":{"minecraft:custom":{"minecraft:time_since_rest":106912,"minecraft:crouch_one_cm":422,"minecraft:play_one_minute":108593,"minecraft:sprint_one_cm":5199,"minecraft:deaths":5,"minecraft:damage_taken":1400,"minecraft:walk_one_cm":20460,"minecraft:sneak_time":6413,"minecraft:walk_under_water_one_cm":108,"minecraft:drop":3,"minecraft:jump":78,"minecraft:leave_game":2,"minecraft:walk_on_water_one_cm":461,"minecraft:time_since_death":106887,"minecraft:climb_one_cm":2088,"minecraft:fly_one_cm":658228},"minecraft:picked_up":{"minecraft:farmland":1},"minecraft:used":{"minecraft:farmland":56,"minecraft:yellow_wool":186,"minecraft:oak_log":28,"minecraft:wheat_seeds":29,"minecraft:debug_stick":32,"minecraft:water_bucket":1,"minecraft:jungle_leaves":10,"minecraft:cornflower":5,"minecraft:dirt":150,"minecraft:oxeye_daisy":4,"minecraft:cobblestone":43,"minecraft:oak_slab":4,"minecraft:scaffolding":2,"minecraft:lantern":13,"minecraft:grass_block":355,"minecraft:spruce_slab":50,"minecraft:ladder":13,"minecraft:poppy":4,"minecraft:carrot":27,"minecraft:andesite":151,"minecraft:stone":2487,"minecraft:beehive":1,"minecraft:spruce_fence":107,"minecraft:item_frame":1,"minecraft:honey_block":12,"minecraft:oak_leaves":78,"minecraft:lilac":3,"minecraft:oak_fence":3},"minecraft:dropped":{"minecraft:farmland":2,"minecraft:carrot":1}},"DataVersion":2584}