{"stats":{"minecraft:custom":{"minecraft:interact_with_furnace":1,"minecraft:interact_with_anvil":1,"minecraft:interact_with_crafting_table":1,"minecraft:open_barrel":2,"minecraft:pot_flower":23,"minecraft:leave_game":13,"minecraft:time_since_death":792970,"minecraft:climb_one_cm":19306,"minecraft:time_since_rest":792970,"minecraft:sprint_one_cm":141561,"minecraft:walk_one_cm":259253,"minecraft:drop":1,"minecraft:fly_one_cm":6373574,"minecraft:crouch_one_cm":3770,"minecraft:play_time":792970,"minecraft:sneak_time":32435,"minecraft:walk_under_water_one_cm":2558,"minecraft:aviate_one_cm":112592,"minecraft:jump":481,"minecraft:walk_on_water_one_cm":53873,"minecraft:total_world_time":949867},"minecraft:picked_up":{"minecraft:bedrock":1},"minecraft:dropped":{"minecraft:bedrock":1},"minecraft:used":{"minecraft:calcite":1254,"minecraft:wheat_seeds":166,"minecraft:oak_fence":9,"minecraft:water_bucket":42,"minecraft:moss_carpet":1,"minecraft:jungle_leaves":35,"minecraft:diorite":55,"minecraft:end_rod":1,"minecraft:enchanting_table":13,"minecraft:dirt_path":6,"minecraft:smooth_quartz_slab":99,"minecraft:red_concrete":153,"minecraft:spruce_slab":290,"minecraft:ladder":57,"minecraft:spruce_planks":2,"minecraft:ender_chest":4,"minecraft:cauldron":2,"minecraft:spruce_sign":5,"minecraft:structure_block":1,"minecraft:farmland":422,"minecraft:green_terracotta":1,"minecraft:warped_roots":38,"minecraft:oak_leaves":6869,"minecraft:debug_stick":48,"minecraft:brewing_stand":4,"minecraft:dirt":35,"minecraft:anvil":9,"minecraft:lime_terracotta":4413,"minecraft:red_nether_brick_slab":154,"minecraft:oak_slab":51,"minecraft:crafting_table":14,"minecraft:loom":3,"minecraft:blue_stained_glass":21,"minecraft:brown_banner":173,"minecraft:campfire":2,"minecraft:stone_brick_wall":42,"minecraft:spruce_fence":189,"minecraft:light_blue_stained_glass":4,"minecraft:cyan_stained_glass":5,"minecraft:glass":37,"minecraft:flower_pot":27,"minecraft:green_concrete":1,"minecraft:black_wool":5,"minecraft:stripped_dark_oak_wood":1,"minecraft:red_wool":953,"minecraft:spruce_wood":16213,"minecraft:lantern":63,"minecraft:grass_block":30,"minecraft:rooted_dirt":21,"minecraft:spruce_button":40,"minecraft:stone_button":23,"minecraft:map":1,"minecraft:spruce_pressure_plate":81,"minecraft:red_terracotta":753,"minecraft:spruce_trapdoor":49,"minecraft:crimson_roots":30,"minecraft:diorite_wall":121,"minecraft:barrel":40,"minecraft:yellow_wool":46,"minecraft:item_frame":24,"minecraft:red_carpet":150,"minecraft:crimson_fungus":24,"minecraft:brown_carpet":2,"minecraft:scaffolding":12,"minecraft:oak_sapling":78,"minecraft:white_banner":2,"minecraft:furnace":8,"minecraft:stripped_oak_wood":1,"minecraft:podzol":19,"minecraft:red_banner":61,"minecraft:green_concrete_powder":3,"minecraft:chain":4,"minecraft:gold_block":9,"minecraft:end_portal_frame":6,"minecraft:wither_rose":2,"minecraft:coarse_dirt":90,"minecraft:brown_bed":8}},"DataVersion":2730}