{"stats":{"minecraft:crafted":{"minecraft:leather_helmet":1,"minecraft:leather_leggings":1,"minecraft:leather_boots":1,"minecraft:leather_chestplate":1},"minecraft:custom":{"minecraft:time_since_rest":89093,"minecraft:crouch_one_cm":817,"minecraft:play_one_minute":89093,"minecraft:open_shulker_box":1,"minecraft:sprint_one_cm":54492,"minecraft:damage_taken":10,"minecraft:walk_one_cm":40946,"minecraft:sneak_time":1460,"minecraft:drop":1,"minecraft:jump":235,"minecraft:leave_game":5,"minecraft:time_since_death":89093,"minecraft:interact_with_crafting_table":3,"minecraft:fall_one_cm":335,"minecraft:fly_one_cm":407962},"minecraft:picked_up":{"minecraft:oak_sign":1,"minecraft:sea_pickle":1,"minecraft:white_dye":1,"minecraft:stone_button":1,"minecraft:stone_pressure_plate":1},"minecraft:used":{"minecraft:glass":3,"minecraft:bedrock":4,"minecraft:debug_stick":215,"minecraft:writable_book":1,"minecraft:command_block":12,"minecraft:written_book":9,"minecraft:iron_trapdoor":4,"minecraft:crafting_table":1,"minecraft:lime_carpet":1,"minecraft:armor_stand":13,"minecraft:grass_block":1,"minecraft:polished_andesite_stairs":2,"minecraft:stone_button":2,"minecraft:oak_sign":11,"minecraft:sea_pickle":1,"minecraft:stone_pressure_plate":1,"minecraft:white_concrete":19,"minecraft:smooth_quartz":13,"minecraft:observer":4,"minecraft:clay":44,"minecraft:gray_stained_glass":8},"minecraft:dropped":{"minecraft:white_dye":1}},"DataVersion":2584}