{"stats":{"minecraft:custom":{"minecraft:time_since_rest":191565,"minecraft:sprint_one_cm":10158,"minecraft:walk_one_cm":65064,"minecraft:mob_kills":3,"minecraft:drop":1,"minecraft:damage_dealt":300,"minecraft:swim_one_cm":3956,"minecraft:fly_one_cm":1000173,"minecraft:open_barrel":1,"minecraft:play_one_minute":191565,"minecraft:crouch_one_cm":5877,"minecraft:sneak_time":7141,"minecraft:walk_under_water_one_cm":46557,"minecraft:jump":127,"minecraft:leave_game":5,"minecraft:time_since_death":191565,"minecraft:walk_on_water_one_cm":39706},"minecraft:picked_up":{"minecraft:grass_block":1},"minecraft:used":{"minecraft:light_blue_carpet":9,"minecraft:oak_fence":3,"minecraft:netherite_sword":6,"minecraft:piston":4,"minecraft:water_bucket":19,"minecraft:blue_terracotta":158,"minecraft:honey_block":6,"minecraft:jungle_leaves":38,"minecraft:sea_lantern":5,"minecraft:red_sand":326,"minecraft:flint_and_steel":5,"minecraft:grass_block":69,"minecraft:lime_carpet":7,"minecraft:spruce_wood":23,"minecraft:lantern":38,"minecraft:dead_horn_coral_block":248,"minecraft:acacia_trapdoor":6,"minecraft:spruce_slab":72,"minecraft:light_gray_carpet":11,"minecraft:spruce_button":5,"minecraft:stone_button":17,"minecraft:oak_sign":2,"minecraft:light_blue_terracotta":260,"minecraft:spruce_planks":12,"minecraft:white_terracotta":3262,"minecraft:stone":301,"minecraft:spruce_trapdoor":8,"minecraft:structure_void":15,"minecraft:barrel":16,"minecraft:debug_stick":59,"minecraft:green_terracotta":10,"minecraft:oak_leaves":127,"minecraft:blue_carpet":1,"minecraft:bee_spawn_egg":7,"minecraft:lime_terracotta":190,"minecraft:diamond_block":3,"minecraft:red_carpet":6,"minecraft:sand":317,"minecraft:brown_carpet":11,"minecraft:oak_slab":6,"minecraft:scaffolding":23,"minecraft:tnt":56,"minecraft:crimson_trapdoor":13,"minecraft:spruce_stairs":13,"minecraft:chain":3,"minecraft:campfire":13,"minecraft:yellow_carpet":11,"minecraft:sea_pickle":23,"minecraft:dead_bubble_coral_block":112,"minecraft:stone_pressure_plate":6,"minecraft:kelp":13,"minecraft:beehive":5,"minecraft:fire_coral_fan":1,"minecraft:magenta_carpet":9,"minecraft:purple_carpet":15,"minecraft:spruce_fence":66,"minecraft:dead_brain_coral_block":27,"minecraft:orange_terracotta":268,"minecraft:seagrass":9,"minecraft:bone_meal":21},"minecraft:dropped":{"minecraft:grass_block":1},"minecraft:killed":{"minecraft:bee":3}},"DataVersion":2584}