{"stats":{"minecraft:used":{"minecraft:glass":3,"minecraft:bedrock":4,"minecraft:debug_stick":215,"minecraft:writable_book":1,"minecraft:command_block":12,"minecraft:written_book":9,"minecraft:iron_trapdoor":4,"minecraft:crafting_table":1,"minecraft:lime_carpet":1,"minecraft:armor_stand":13,"minecraft:grass_block":1,"minecraft:polished_andesite_stairs":2,"minecraft:stone_button":1,"minecraft:oak_sign":11,"minecraft:sea_pickle":1,"minecraft:white_concrete":19,"minecraft:smooth_quartz":13,"minecraft:observer":4,"minecraft:clay":44,"minecraft:gray_stained_glass":8},"minecraft:custom":{"minecraft:time_since_rest":81194,"minecraft:crouch_one_cm":677,"minecraft:play_one_minute":81194,"minecraft:sprint_one_cm":34297,"minecraft:damage_taken":10,"minecraft:walk_one_cm":32984,"minecraft:sneak_time":1154,"minecraft:drop":1,"minecraft:jump":106,"minecraft:leave_game":4,"minecraft:time_since_death":81194,"minecraft:interact_with_crafting_table":3,"minecraft:fall_one_cm":335,"minecraft:fly_one_cm":357931},"minecraft:picked_up":{"minecraft:oak_sign":1,"minecraft:sea_pickle":1,"minecraft:white_dye":1},"minecraft:dropped":{"minecraft:white_dye":1},"minecraft:crafted":{"minecraft:leather_helmet":1,"minecraft:leather_leggings":1,"minecraft:leather_boots":1,"minecraft:leather_chestplate":1}},"DataVersion":2584}