{"stats":{"minecraft:picked_up":{"minecraft:stick":4,"minecraft:apple":2,"minecraft:grass":1,"minecraft:oak_sapling":5},"minecraft:used":{"minecraft:oak_fence":1,"minecraft:water_bucket":11,"minecraft:ender_eye":1,"minecraft:flower_pot":6,"minecraft:end_rod":8,"minecraft:enchanting_table":2,"minecraft:flint_and_steel":6,"minecraft:spruce_door":1,"minecraft:lodestone":2,"minecraft:light_gray_stained_glass_pane":8,"minecraft:redstone_ore":8,"minecraft:black_stained_glass_pane":4,"minecraft:lantern":37,"minecraft:grass_block":573,"minecraft:oak_stairs":23,"minecraft:spruce_slab":102,"minecraft:string":1,"minecraft:ladder":7,"minecraft:oak_planks":131,"minecraft:spruce_planks":85,"minecraft:ender_chest":5,"minecraft:stone":150,"minecraft:cauldron":2,"minecraft:gravel":3,"minecraft:grass":5,"minecraft:barrel":15,"minecraft:item_frame":14,"minecraft:bamboo":1,"minecraft:mossy_cobblestone":9,"minecraft:brewing_stand":3,"minecraft:dirt":474,"minecraft:cobblestone":489,"minecraft:scaffolding":5,"minecraft:oak_slab":107,"minecraft:podzol":3,"minecraft:white_stained_glass_pane":4,"minecraft:spruce_stairs":23,"minecraft:chain":11,"minecraft:andesite":37,"minecraft:grass_path":2,"minecraft:end_portal_frame":1,"minecraft:painting":22,"minecraft:coarse_dirt":2,"minecraft:smooth_stone":42,"minecraft:bone_meal":1,"minecraft:brown_bed":2},"minecraft:dropped":{"minecraft:grass":1},"minecraft:custom":{"minecraft:time_since_rest":123612,"minecraft:walk_one_cm":67506,"minecraft:sprint_one_cm":3882,"minecraft:drop":1,"minecraft:fly_one_cm":517460,"minecraft:fill_cauldron":1,"minecraft:play_one_minute":123612,"minecraft:crouch_one_cm":3371,"minecraft:sneak_time":4184,"minecraft:pot_flower":4,"minecraft:jump":99,"minecraft:leave_game":6,"minecraft:time_since_death":123612,"minecraft:climb_one_cm":4440}},"DataVersion":2584}